<?xml version="1.0" encoding="UTF-8"?>
<!DOCTYPE mapper
  PUBLIC "-//mybatis.org//DTD Config 3.0//EN"
  "http://mybatis.org/dtd/mybatis-3-mapper.dtd">
<mapper namespace="com.project.noonee.domain.inquiry.InquiryRepository">
<!-- *****************************************************************************************************************  -->

<insert id="saveInquiry" parameterType="com.project.noonee.domain.inquiry.Inquiry"
		useGeneratedKeys="true" keyProperty="inquiry_code">
		insert into
			inquiry_mst
		values(
			0,
			#{user_code},
			#{inquiry_title},
			#{user_name},
			#{inquiry_password},
			#{inquiry_content},
			#{inquiry_count},
			now(),
			now()
		);
	</insert>



	<select id="getInquiryList" parameterType="hashmap" resultType="com.project.noonee.domain.inquiry.Inquiry">
		select
			nm.inquiry_code,
			nm.inquiry_title,
			um.user_name,
			nm.create_date,
			nm.inquiry_count,
			(select 
				count(*) 
			from 
				inquiry_mst im 
				left outer join user_mst um on(um.user_code = im.user_code)
			where
				nm.inquiry_title like concat('%', #{search_value}, '%')
				or nm.inquiry_content like concat('%', #{search_value}, '%')
			) as total_inquiry_count
		from
			inquiry_mst nm
			left outer join user_mst um on(um.user_code = nm.user_code)
		where
			nm.inquiry_title like concat('%', #{search_value}, '%')
			or nm.inquiry_content like concat('%', #{search_value}, '%')
		order by
			inquiry_code desc
		limit #{index}, 10;
	
	</select>

<!-- *****************************************************************************************************************  

<insert id="saveinquiryFiles" parameterType="com.project.noonee.domain.inquiry.inquiry" >
		insert into
			inquiry_file
		values
		<foreach collection="list" item="file" separator=",">
			(
				0,
				#{file.inquiry_code},
				#{file.file_name},
				now(),
				now()
			)
		</foreach>
	</insert>	
	
	
<select id="getinquiry" parameterType="hashmap" resultType="com.study.security_bosung.domain.inquiry.inquiry">
	SELECT
		nm.inquiry_code,
		nm.inquiry_title,
		nm.user_code,
		um.user_id,
		nm.inquiry_content,
		nm.inquiry_count,
		nf.file_code,
		nf.file_name,
		nm.create_date
	FROM
		inquiry_mst nm
		LEFT OUTER JOIN user_mst um ON(um.user_code = nm.user_code)
		LEFT OUTER JOIN inquiry_file nf ON(nf.inquiry_code = nm.inquiry_code)
	where
	<choose>
		<when test='flag == null'>
				nm.inquiry_code = #{inquiry_code}
		</when>
		<when test='flag.equals("pre")'>
			nm.inquiry_code = (
				select
					max(inquiry_code)
				from
					inquiry_mst
				where
					inquiry_code &lt; #{inquiry_code}
			)
		</when>
		<otherwise>
			nm.inquiry_code = (
				select
					min(inquiry_code)
				from
					inquiry_mst
				where
					inquiry_code &gt; #{inquiry_code}
			)
		</otherwise>
	</choose>
	</select>
	

	
	
	


	<update id="countIncrement" parameterType="hashmap">
		update
			inquiry_mst
		set
			inquiry_count = inquiry_count + 1
		where
		<choose>
			<when test='flag == null'>
					inquiry_code = #{inquiry_code}
			</when>
			<when test='flag.equals("pre")'>
				inquiry_code = (
					select
						max(inquiry_code)
					from
						inquiry_mst
					where
						inquiry_code &lt; #{inquiry_code}
				)
			</when>
			<otherwise>
				inquiry_code = (
					select
						min(inquiry_code)
					from
						inquiry_mst
					where
						inquiry_code &gt; #{inquiry_code}
				)
			</otherwise>
		</choose>
		</update>
		


	
  -->

	
</mapper>



















